Origin_Region,Destination_Region,flow2000,flow2005,flow2010,flow2015,flow2019,increase_rate_2000_2005,increase_rate_2005_2010,increase_rate_2010_2015,increase_rate_2015_2019
Australia New Zealand,Australia New Zealand,419804.0,483551.0,580866.0,640591.0,667382.0,15.184943449800384,20.12507470773507,10.282061611456,4.182231720395698
Australia New Zealand,Caribbean,392.0,416.0,449.0,480.0,512.0,6.122448979591836,7.9326923076923075,6.904231625835189,6.666666666666667
Australia New Zealand,Central America,728.0,792.0,987.0,1079.0,1116.0,8.791208791208792,24.62121212121212,9.321175278622087,3.429101019462465
Australia New Zealand,Central Asia,117.0,112.0,111.0,109.0,108.0,-4.273504273504273,-0.8928571428571428,-1.8018018018018018,-0.9174311926605505
Australia New Zealand,Eastern Africa,134.0,196.0,310.0,283.0,349.0,46.26865671641791,58.16326530612245,-8.709677419354838,23.32155477031802
Australia New Zealand,Eastern Asia,28115.0,30310.0,34821.0,37196.0,42267.0,7.807220345011559,14.88287693830419,6.820596766319175,13.633186364125175
Australia New Zealand,Eastern Europe,2844.0,3319.0,3783.0,4236.0,4833.0,16.70182841068917,13.980114492316964,11.9746233148295,14.093484419263454
Australia New Zealand,Melanesia,16506.0,16663.0,15001.0,15117.0,15289.0,0.9511692717799588,-9.974194322751005,0.7732817812145857,1.1377918899252497
Australia New Zealand,Micronesia,319.0,313.0,161.0,177.0,184.0,-1.8808777429467085,-48.56230031948881,9.937888198757763,3.954802259887006
Australia New Zealand,Middle Africa,16.0,12.0,12.0,10.0,11.0,-25.0,0.0,-16.666666666666664,10.0
Australia New Zealand,Northern Africa,963.0,1098.0,1193.0,1139.0,1350.0,14.018691588785046,8.652094717668488,-4.526404023470243,18.525021949078138
Australia New Zealand,Northern America,114128.0,125021.0,133706.0,154318.0,166384.0,9.544546474134306,6.946832932067412,15.415912524494038,7.818919374279086
Australia New Zealand,Northern Europe,173869.0,181273.0,203236.0,226637.0,257917.0,4.258378434338496,12.11597976532633,11.51420024011494,13.80180641289816
Australia New Zealand,Polynesia,5452.0,5699.0,6025.0,5517.0,5458.0,4.530447542186353,5.72030180733462,-8.431535269709544,-1.0694217872031901
Australia New Zealand,South America,3490.0,4138.0,5084.0,6683.0,8114.0,18.56733524355301,22.861285645239246,31.451612903225808,21.41253927876702
Australia New Zealand,South Eastern Asia,20603.0,27283.0,37557.0,42368.0,41413.0,32.422462748143474,37.65714914049042,12.809862342572623,-2.2540596676737157
Australia New Zealand,Southern Africa,5249.0,6589.0,9934.0,17155.0,19159.0,25.52867212802439,50.76642889664592,72.68975236561305,11.681725444476829
Australia New Zealand,Southern Asia,1079.0,1166.0,1393.0,1391.0,1392.0,8.063021316033364,19.46826758147513,-0.14357501794687724,0.07189072609633358
Australia New Zealand,Southern Europe,38256.0,46999.0,57137.0,58654.0,62930.0,22.853931409452112,21.570671716419497,2.655022139769326,7.2902103863334125
Australia New Zealand,Western Africa,19.0,27.0,27.0,45.0,47.0,42.10526315789473,0.0,66.66666666666666,4.444444444444445
Australia New Zealand,Western Asia,7414.0,8574.0,10412.0,10022.0,11090.0,15.646074993256,21.436902262654538,-3.74567806377257,10.656555577728996
Australia New Zealand,Western Europe,35643.0,43104.0,48635.0,52299.0,57748.0,20.932581432539347,12.831755753526355,7.533669168294438,10.418937264574849
Caribbean,Australia New Zealand,4269.0,4679.0,5229.0,6069.0,6494.0,9.604122745373624,11.754648429151528,16.06425702811245,7.002801120448179
Caribbean,Caribbean,566287.0,629381.0,669162.0,841542.0,863937.0,11.14170023327394,6.320654738544697,25.760578155962232,2.6611862509536066
Caribbean,Central America,29325.0,29876.0,38053.0,42150.0,42696.0,1.8789428815004263,27.36979515330031,10.766562426089928,1.295373665480427
Caribbean,Central Asia,26.0,24.0,23.0,22.0,21.0,-7.6923076923076925,-4.166666666666666,-4.3478260869565215,-4.545454545454546
Caribbean,Eastern Africa,50.0,52.0,55.0,59.0,59.0,4.0,5.769230769230769,7.2727272727272725,0.0
Caribbean,Eastern Asia,0.0,0.0,0.0,0.0,0.0,0.0,0.0,0.0,0.0
Caribbean,Eastern Europe,3858.0,4082.0,4223.0,4424.0,4743.0,5.806117159149818,3.454189122978932,4.759649538242956,7.210669077757685
Caribbean,Melanesia,0.0,0.0,0.0,0.0,0.0,0.0,0.0,0.0,0.0
Caribbean,Micronesia,1606.0,3473.0,4933.0,4861.0,5063.0,116.25155666251557,42.03858335732796,-1.4595580782485302,4.15552355482411
Caribbean,Middle Africa,266.0,169.0,403.0,536.0,552.0,-36.46616541353384,138.46153846153845,33.002481389578165,2.9850746268656714
Caribbean,Northern Africa,24.0,28.0,30.0,21.0,29.0,16.666666666666664,7.142857142857142,-30.0,38.095238095238095
Caribbean,Northern America,4875871.0,5201223.0,5742805.0,6304315.0,6825029.0,6.672694991315398,10.412589500584767,9.777626090386143,8.259644386424219
Caribbean,Northern Europe,244318.0,241333.0,253776.0,273963.0,311158.0,-1.221768351083424,5.155946347992193,7.954652922262152,13.576650861612698
Caribbean,Polynesia,0.0,0.0,0.0,0.0,0.0,0.0,0.0,0.0,0.0
Caribbean,South America,70773.0,74346.0,79836.0,121905.0,154152.0,5.04853545843754,7.384391897344847,52.69427326018338,26.452565522332964
Caribbean,South Eastern Asia,222.0,204.0,223.0,143.0,144.0,-8.108108108108109,9.313725490196079,-35.874439461883405,0.6993006993006993
Caribbean,Southern Africa,2348.0,2255.0,2777.0,4010.0,4413.0,-3.960817717206133,23.148558758314856,44.40043212099388,10.049875311720697
Caribbean,Southern Asia,8.0,18.0,38.0,37.0,37.0,125.0,111.11111111111111,-2.631578947368421,0.0
Caribbean,Southern Europe,117839.0,202899.0,320385.0,372672.0,400265.0,72.18323305527032,57.90368607040941,16.32005243691184,7.404097973553152
Caribbean,Western Africa,229.0,528.0,4422.0,9457.0,9505.0,130.56768558951967,737.5,113.86250565355043,0.5075605371682352
Caribbean,Western Asia,206.0,227.0,265.0,258.0,308.0,10.194174757281553,16.740088105726873,-2.6415094339622645,19.379844961240313
Caribbean,Western Europe,150685.0,231194.0,240202.0,259577.0,286014.0,53.42867571423832,3.8962948865454985,8.066127675872806,10.184646559595032
Central America,Australia New Zealand,13770.0,14530.0,16550.0,19290.0,21664.0,5.519244734931009,13.902271163110806,16.555891238670696,12.30689476412649
Central America,Caribbean,18851.0,17438.0,15365.0,15336.0,14585.0,-7.4956235743461885,-11.88783117329969,-0.18874064432150991,-4.89697443922796
Central America,Central America,450936.0,384958.0,572412.0,623832.0,641408.0,-14.631344581049197,48.694662794382765,8.983040187836732,2.8174252042216494
Central America,Central Asia,0.0,0.0,0.0,0.0,0.0,0.0,0.0,0.0,0.0
Central America,Eastern Africa,0.0,0.0,0.0,0.0,0.0,0.0,0.0,0.0,0.0
Central America,Eastern Asia,1740.0,1845.0,1956.0,2141.0,2416.0,6.0344827586206895,6.016260162601626,9.458077709611452,12.844465203176087
Central America,Eastern Europe,1032.0,1359.0,1669.0,2146.0,2751.0,31.686046511627907,22.810890360559235,28.579988016776515,28.191985088536814
Central America,Melanesia,0.0,0.0,0.0,0.0,0.0,0.0,0.0,0.0,0.0
Central America,Micronesia,0.0,0.0,0.0,0.0,0.0,0.0,0.0,0.0,0.0
Central America,Middle Africa,0.0,0.0,0.0,0.0,0.0,0.0,0.0,0.0,0.0
Central America,Northern Africa,730.0,823.0,899.0,907.0,1033.0,12.73972602739726,9.234507897934387,0.8898776418242491,13.891951488423373
Central America,Northern America,11595540.0,13240748.0,15323326.0,15308301.0,15414853.0,14.188282736293436,15.728552495674716,-0.09805312501998587,0.6960406644734775
Central America,Northern Europe,16753.0,21295.0,24270.0,30121.0,34724.0,27.111562108279113,13.970415590514204,24.107952204367532,15.281697154808938
Central America,Polynesia,0.0,0.0,0.0,0.0,0.0,0.0,0.0,0.0,0.0
Central America,South America,44387.0,45785.0,49469.0,60127.0,66337.0,3.149570820285218,8.04630337446762,21.544805837999554,10.32813877293063
Central America,South Eastern Asia,410.0,330.0,215.0,218.0,224.0,-19.51219512195122,-34.84848484848485,1.3953488372093024,2.7522935779816518
Central America,Southern Africa,229.0,300.0,468.0,838.0,935.0,31.004366812227076,56.00000000000001,79.05982905982906,11.575178997613365
Central America,Southern Asia,0.0,0.0,0.0,0.0,0.0,0.0,0.0,0.0,0.0
Central America,Southern Europe,44113.0,82080.0,136593.0,166061.0,196761.0,86.06759912044069,66.41447368421053,21.573579905266012,18.487182420917613
Central America,Western Africa,6.0,5.0,3.0,430.0,407.0,-16.666666666666664,-40.0,14233.333333333334,-5.348837209302325
Central America,Western Asia,2169.0,2483.0,2845.0,2918.0,2911.0,14.476717381281698,14.579138139347563,2.5659050966608086,-0.23989033584647018
Central America,Western Europe,40458.0,49438.0,61250.0,68910.0,76826.0,22.19585743239903,23.892552287713904,12.506122448979593,11.487447395153099
Central Asia,Australia New Zealand,1050.0,1800.0,3040.0,4510.0,5298.0,71.42857142857143,68.88888888888889,48.35526315789473,17.47228381374723
Central Asia,Caribbean,4.0,7.0,10.0,10.0,10.0,75.0,42.857142857142854,0.0,0.0
Central Asia,Central America,5.0,4.0,6.0,6.0,6.0,-20.0,50.0,0.0,0.0
Central Asia,Central Asia,423916.0,462141.0,459911.0,470242.0,482760.0,9.017116598571414,-0.48253671498525347,2.246304176242795,2.6620335912147364
Central Asia,Eastern Africa,0.0,0.0,0.0,0.0,0.0,0.0,0.0,0.0,0.0
Central Asia,Eastern Asia,6156.0,11867.0,22165.0,27537.0,28041.0,92.7712800519818,86.77846127917755,24.236408752537784,1.8302647347205578
Central Asia,Eastern Europe,5219532.0,5395342.0,5501455.0,5597008.0,5603254.0,3.3683096492175926,1.9667520613151122,1.7368677922476872,0.11159533808063164
Central Asia,Melanesia,0.0,0.0,0.0,0.0,0.0,0.0,0.0,0.0,0.0
Central Asia,Micronesia,0.0,0.0,0.0,0.0,0.0,0.0,0.0,0.0,0.0
Central Asia,Middle Africa,0.0,0.0,0.0,0.0,0.0,0.0,0.0,0.0,0.0
Central Asia,Northern Africa,1955.0,2191.0,2391.0,2485.0,4476.0,12.07161125319693,9.128251939753538,3.931409452112087,80.12072434607646
Central Asia,Northern America,45192.0,57014.0,71156.0,126795.0,136724.0,26.159497256151532,24.804433998666994,78.19298442857946,7.830750423912615
Central Asia,Northern Europe,33388.0,38050.0,38755.0,40172.0,41672.0,13.963100515155148,1.8528252299605783,3.6563024125919235,3.733944040625311
Central Asia,Polynesia,0.0,0.0,0.0,0.0,0.0,0.0,0.0,0.0,0.0
Central Asia,South America,30.0,61.0,145.0,184.0,215.0,103.33333333333334,137.70491803278688,26.89655172413793,16.847826086956523
Central Asia,South Eastern Asia,0.0,0.0,0.0,0.0,0.0,0.0,0.0,0.0,0.0
Central Asia,Southern Africa,0.0,20.0,31.0,54.0,59.0,0.0,55.00000000000001,74.19354838709677,9.25925925925926
Central Asia,Southern Asia,37519.0,32670.0,32426.0,22885.0,11811.0,-12.924118446653695,-0.7468625650443832,-29.42391907728366,-48.38977496176535
Central Asia,Southern Europe,32855.0,40235.0,49844.0,49485.0,50007.0,22.462334500076093,23.882192121287435,-0.7202471711740631,1.0548651106395877
Central Asia,Western Africa,0.0,0.0,1501.0,1861.0,2069.0,0.0,0.0,23.984010659560294,11.176786673831273
Central Asia,Western Asia,97846.0,93415.0,89610.0,91096.0,95089.0,-4.528544856202604,-4.073221645346036,1.658297065059703,4.383287959954334
Central Asia,Western Europe,562220.0,782347.0,959787.0,1000529.0,1107365.0,39.15317847106115,22.680472987050504,4.244900170558676,10.677951363728587
Eastern Africa,Australia New Zealand,65437.0,93117.0,128743.0,161525.0,183667.0,42.30022769992512,38.25939409560016,25.46313197610744,13.70809472217923
Eastern Africa,Caribbean,880.0,935.0,995.0,1032.0,1047.0,6.25,6.417112299465241,3.7185929648241203,1.4534883720930232
Eastern Africa,Central America,123.0,167.0,209.0,219.0,225.0,35.77235772357724,25.149700598802394,4.784688995215311,2.73972602739726
Eastern Africa,Central Asia,27.0,25.0,24.0,23.0,22.0,-7.4074074074074066,-4.0,-4.166666666666666,-4.3478260869565215
Eastern Africa,Eastern Africa,3122941.0,2931326.0,3091683.0,4237722.0,5330243.0,-6.135722704975855,5.470459443951304,37.06845106694315,25.78085584660815
Eastern Africa,Eastern Asia,0.0,0.0,0.0,0.0,0.0,0.0,0.0,0.0,0.0
Eastern Africa,Eastern Europe,3499.0,3833.0,8485.0,8665.0,56535.0,9.545584452700771,121.36707539786069,2.121390689451974,552.4523946912867
Eastern Africa,Melanesia,28.0,34.0,28.0,28.0,28.0,21.428571428571427,-17.647058823529413,0.0,0.0
Eastern Africa,Micronesia,0.0,0.0,0.0,0.0,0.0,0.0,0.0,0.0,0.0
Eastern Africa,Middle Africa,278904.0,214861.0,186863.0,361418.0,440310.0,-22.962381321171442,-13.030750112863664,93.41335630916768,21.82846454797492
Eastern Africa,Northern Africa,723706.0,460263.0,569103.0,626296.0,1217906.0,-36.401936698051415,23.647349450205642,10.049674663461623,94.46172416876365
Eastern Africa,Northern America,321325.0,487572.0,673305.0,846463.0,912472.0,51.737960009336334,38.09345081341833,25.71761683041118,7.798214452374173
Eastern Africa,Northern Europe,456553.0,558397.0,732629.0,919480.0,1079176.0,22.30715820507148,31.202173364111914,25.5041774213142,17.368077609083397
Eastern Africa,Polynesia,52.0,58.0,31.0,8.0,7.0,11.538461538461538,-46.55172413793103,-74.19354838709677,-12.5
Eastern Africa,South America,2136.0,2240.0,2668.0,3189.0,3628.0,4.868913857677903,19.107142857142854,19.527736131934034,13.76607086861085
Eastern Africa,South Eastern Asia,528.0,880.0,1208.0,1701.0,1775.0,66.66666666666666,37.27272727272727,40.811258278145694,4.350382128159906
Eastern Africa,Southern Africa,508352.0,681726.0,1036000.0,1377298.0,1537903.0,34.10510827143396,51.96721263381476,32.943822393822394,11.660875133776424
Eastern Africa,Southern Asia,4982.0,4612.0,4246.0,4088.0,4019.0,-7.426736250501806,-7.935819601040764,-3.7211493170042393,-1.687866927592955
Eastern Africa,Southern Europe,124826.0,144627.0,163758.0,169443.0,174606.0,15.862881130533705,13.227820531436038,3.4715861209834027,3.0470423682300245
Eastern Africa,Western Africa,2212.0,2254.0,3011.0,6389.0,6524.0,1.89873417721519,33.58473824312333,112.18864164729325,2.113006730317734
Eastern Africa,Western Asia,232013.0,283177.0,460311.0,588575.0,629533.0,22.05221259153582,62.55239655763003,27.864639341662485,6.958841269167055
Eastern Africa,Western Europe,231601.0,333522.0,378035.0,451449.0,566243.0,44.00715022819418,13.346345968182009,19.419894983268744,25.42789993997107
Eastern Asia,Australia New Zealand,358873.0,513239.0,714440.0,901056.0,1070557.0,43.014102481936504,39.20220404139202,26.120597950842615,18.811372434121743
Eastern Asia,Caribbean,11158.0,9409.0,7919.0,10268.0,10715.0,-15.674852124036565,-15.835901796152621,29.66283621669403,4.353330736268017
Eastern Asia,Central America,28960.0,32153.0,40482.0,46569.0,48709.0,11.025552486187845,25.904270208067675,15.036312435156365,4.595331658399364
Eastern Asia,Central Asia,72858.0,82814.0,92752.0,98162.0,102415.0,13.664937275247743,12.000386408095249,5.8327583232706575,4.332633809417086
Eastern Asia,Eastern Africa,10875.0,8535.0,6903.0,7416.0,7906.0,-21.517241379310345,-19.121265377855888,7.431551499348108,6.6073354908306365
Eastern Asia,Eastern Asia,3442923.0,4177064.0,4866836.0,5064647.0,5201972.0,21.32318962695361,16.51332131851463,4.064468167819914,2.7114426731023897
Eastern Asia,Eastern Europe,119048.0,126533.0,132445.0,139942.0,148357.0,6.287379880384384,4.672298925971881,5.660462833629054,6.013205470837919
Eastern Asia,Melanesia,1665.0,1731.0,1694.0,1679.0,1697.0,3.963963963963964,-2.1374927787406124,-0.885478158205431,1.0720667063728408
Eastern Asia,Micronesia,26534.0,21469.0,13293.0,12840.0,13257.0,-19.088716363910454,-38.08281708509945,-3.4078086210787633,3.2476635514018692
Eastern Asia,Middle Africa,837.0,705.0,1174.0,1592.0,1674.0,-15.770609318996415,66.52482269503545,35.604770017035776,5.150753768844221
Eastern Asia,Northern Africa,6987.0,7814.0,7667.0,7532.0,8772.0,11.836267353656792,-1.881238802149987,-1.7607930089996087,16.463090812533192
Eastern Asia,Northern America,3571888.0,4040710.0,4622156.0,5345454.0,5700462.0,13.125327557862956,14.389698840055337,15.648498233291996,6.641306800133346
Eastern Asia,Northern Europe,326327.0,366649.0,408665.0,509551.0,580099.0,12.356317436191306,11.459461228586468,24.686723844713885,13.845130320615601
Eastern Asia,Polynesia,1468.0,1727.0,1909.0,1816.0,1822.0,17.643051771117165,10.538506079907354,-4.871660555264536,0.3303964757709251
Eastern Asia,South America,141104.0,146636.0,155271.0,196333.0,216252.0,3.920512529765279,5.888731280176764,26.445376148797905,10.145518073884675
Eastern Asia,South Eastern Asia,641051.0,687353.0,774279.0,896035.0,830016.0,7.222826264992957,12.646485866796246,15.725081010850095,-7.367904155529639
Eastern Asia,Southern Africa,17884.0,22126.0,32324.0,52518.0,58420.0,23.71952583314695,46.0905721775287,62.47370374953595,11.23805171560227
Eastern Asia,Southern Asia,250409.0,257639.0,300139.0,313072.0,312886.0,2.8872764157837776,16.495949759159135,4.309003495047295,-0.0594112536413349
Eastern Asia,Southern Europe,103723.0,254133.0,393375.0,400374.0,439295.0,145.01123183864718,54.79099526625822,1.7792183031458533,9.721160714731726
Eastern Asia,Western Africa,1497.0,1864.0,6559.0,9067.0,9692.0,24.51569806279225,251.87768240343348,38.237536209788075,6.893128929083489
Eastern Asia,Western Asia,22778.0,27158.0,31529.0,29951.0,32939.0,19.22908069189569,16.094705059282717,-5.004916108979035,9.976294614537078
Eastern Asia,Western Europe,283734.0,350051.0,420080.0,469675.0,542957.0,23.372947901908127,20.005370645991587,11.806084555322796,15.602703997445042
Eastern Europe,Australia New Zealand,173486.0,175453.0,174637.0,176977.0,186374.0,1.1338090681668838,-0.46508181678284216,1.339922238700848,5.309729512874554
Eastern Europe,Caribbean,5388.0,3798.0,2314.0,2093.0,2037.0,-29.51002227171492,-39.073196419167985,-9.550561797752808,-2.6755852842809364
Eastern Europe,Central America,7237.0,6598.0,7624.0,8048.0,8327.0,-8.829625535442863,15.550166717187025,5.561385099685205,3.466699801192843
Eastern Europe,Central Asia,4206342.0,4182388.0,4179257.0,4277544.0,4395501.0,-0.5694734284563643,-0.07486153843211103,2.351781668368325,2.757587063978769
Eastern Europe,Eastern Africa,337.0,365.0,408.0,425.0,426.0,8.30860534124629,11.78082191780822,4.166666666666666,0.2352941176470588
Eastern Europe,Eastern Asia,14194.0,16309.0,17663.0,20479.0,21390.0,14.90066225165563,8.302164449077196,15.942931551831514,4.448459397431515
Eastern Europe,Eastern Europe,11280907.0,10539162.0,9924576.0,10278553.0,10461770.0,-6.575224846725533,-5.831450356299675,3.5666712613213907,1.7825174419006256
Eastern Europe,Melanesia,31.0,31.0,26.0,26.0,26.0,0.0,-16.129032258064516,0.0,0.0
Eastern Europe,Micronesia,0.0,0.0,0.0,0.0,0.0,0.0,0.0,0.0,0.0
Eastern Europe,Middle Africa,1487.0,972.0,2094.0,2712.0,2806.0,-34.633490248823136,115.4320987654321,29.512893982808023,3.466076696165192
Eastern Europe,Northern Africa,15172.0,17058.0,18549.0,17591.0,20947.0,12.430793567097284,8.740766795638411,-5.16469890560138,19.077937581717926
Eastern Europe,Northern America,1961000.0,2032330.0,2183032.0,2205131.0,2345343.0,3.637429882712902,7.4152327623958705,1.0123076528424686,6.35844310383374
Eastern Europe,Northern Europe,1145407.0,1585929.0,1947000.0,2305971.0,2538246.0,38.459866230955456,22.767160446653033,18.43713405238829,10.07276327412617
Eastern Europe,Polynesia,0.0,0.0,0.0,0.0,0.0,0.0,0.0,0.0,0.0
Eastern Europe,South America,70276.0,56099.0,43322.0,50725.0,55010.0,-20.173316637258807,-22.77580705538423,17.088315405567613,8.447511089206506
Eastern Europe,South Eastern Asia,493.0,395.0,480.0,486.0,500.0,-19.878296146044626,21.518987341772153,1.25,2.880658436213992
Eastern Europe,Southern Africa,11957.0,15021.0,22884.0,40430.0,45243.0,25.625156811909346,52.34671459956062,76.67365845131971,11.904526341825378
Eastern Europe,Southern Asia,1685.0,1596.0,1545.0,1495.0,1473.0,-5.281899109792285,-3.195488721804511,-3.2362459546925564,-1.471571906354515
Eastern Europe,Southern Europe,491125.0,1809979.0,3217388.0,3139277.0,3246366.0,268.5373377449733,77.75830548310229,-2.427776817716732,3.4112631666463327
Eastern Europe,Western Africa,1151.0,1380.0,1395.0,1408.0,1496.0,19.895742832319723,1.0869565217391304,0.9318996415770611,6.25
Eastern Europe,Western Asia,1256040.0,1179200.0,1123216.0,1151063.0,1326935.0,-6.117639565618929,-4.747625508819539,2.4792203814760474,15.279094193801729
Eastern Europe,Western Europe,2913660.0,3849370.0,4754281.0,5218951.0,6069456.0,32.114591270086414,23.50802858649597,9.773717624179135,16.296474138193673
Melanesia,Australia New Zealand,76516.0,96146.0,115782.0,134054.0,143076.0,25.654765016467145,20.42310652549248,15.781382252854502,6.730123681501484
Melanesia,Caribbean,0.0,0.0,0.0,0.0,0.0,0.0,0.0,0.0,0.0
Melanesia,Central America,1.0,1.0,1.0,1.0,1.0,0.0,0.0,0.0,0.0
Melanesia,Central Asia,0.0,0.0,0.0,0.0,0.0,0.0,0.0,0.0,0.0
Melanesia,Eastern Africa,0.0,0.0,0.0,0.0,0.0,0.0,0.0,0.0,0.0
Melanesia,Eastern Asia,0.0,0.0,0.0,0.0,0.0,0.0,0.0,0.0,0.0
Melanesia,Eastern Europe,12.0,15.0,16.0,36.0,43.0,25.0,6.666666666666667,125.0,19.444444444444446
Melanesia,Melanesia,7180.0,7273.0,7413.0,6327.0,6529.0,1.2952646239554317,1.9249278152069296,-14.649939295831645,3.1926663505610873
Melanesia,Micronesia,563.0,675.0,699.0,770.0,804.0,19.893428063943162,3.5555555555555554,10.157367668097281,4.415584415584416
Melanesia,Middle Africa,0.0,0.0,0.0,0.0,0.0,0.0,0.0,0.0,0.0
Melanesia,Northern Africa,0.0,0.0,0.0,0.0,0.0,0.0,0.0,0.0,0.0
Melanesia,Northern America,54638.0,58927.0,65730.0,71785.0,77311.0,7.849848091072148,11.544792709623772,9.211927582534612,7.69798704464721
Melanesia,Northern Europe,5108.0,6254.0,6602.0,8395.0,9528.0,22.435395458104935,5.564438759194116,27.158436837322025,13.496128648004765
Melanesia,Polynesia,4731.0,5158.0,4699.0,3825.0,3874.0,9.025575988163178,-8.898797983714617,-18.599702064268993,1.2810457516339868
Melanesia,South America,221.0,216.0,241.0,282.0,304.0,-2.262443438914027,11.574074074074074,17.012448132780083,7.801418439716312
Melanesia,South Eastern Asia,373.0,301.0,59.0,60.0,61.0,-19.302949061662197,-80.39867109634552,1.694915254237288,1.6666666666666667
Melanesia,Southern Africa,45.0,57.0,89.0,158.0,175.0,26.666666666666668,56.14035087719298,77.52808988764045,10.759493670886076
Melanesia,Southern Asia,210.0,194.0,178.0,171.0,168.0,-7.6190476190476195,-8.24742268041237,-3.932584269662921,-1.7543859649122806
Melanesia,Southern Europe,192.0,187.0,233.0,814.0,246.0,-2.604166666666667,24.598930481283425,249.35622317596565,-69.77886977886978
Melanesia,Western Africa,0.0,0.0,0.0,31.0,28.0,0.0,0.0,0.0,-9.67741935483871
Melanesia,Western Asia,2.0,3.0,4.0,3.0,2.0,50.0,33.33333333333333,-25.0,-33.33333333333333
Melanesia,Western Europe,777.0,1428.0,1510.0,1659.0,1744.0,83.78378378378379,5.742296918767507,9.867549668874172,5.123568414707655
Micronesia,Australia New Zealand,1532.0,1996.0,2568.0,3083.0,3338.0,30.287206266318538,28.65731462925852,20.054517133956388,8.271164450210835
Micronesia,Caribbean,0.0,0.0,0.0,0.0,0.0,0.0,0.0,0.0,0.0
Micronesia,Central America,4.0,3.0,5.0,5.0,5.0,-25.0,66.66666666666666,0.0,0.0
Micronesia,Central Asia,0.0,0.0,0.0,0.0,0.0,0.0,0.0,0.0,0.0
Micronesia,Eastern Africa,0.0,0.0,0.0,0.0,0.0,0.0,0.0,0.0,0.0
Micronesia,Eastern Asia,0.0,0.0,0.0,0.0,0.0,0.0,0.0,0.0,0.0
Micronesia,Eastern Europe,279.0,171.0,59.0,59.0,58.0,-38.70967741935484,-65.49707602339181,0.0,-1.694915254237288
Micronesia,Melanesia,1632.0,1291.0,1036.0,1040.0,1050.0,-20.894607843137255,-19.752130131680868,0.3861003861003861,0.9615384615384616
Micronesia,Micronesia,18971.0,20928.0,20683.0,20547.0,21394.0,10.315745084602815,-1.1706804281345566,-0.6575448435913552,4.122256290456027
Micronesia,Middle Africa,0.0,0.0,0.0,0.0,0.0,0.0,0.0,0.0,0.0
Micronesia,Northern Africa,0.0,0.0,0.0,0.0,0.0,0.0,0.0,0.0,0.0
Micronesia,Northern America,13745.0,13112.0,12866.0,15252.0,16469.0,-4.605311022189888,-1.87614399023795,18.54500233172703,7.979281405717282
Micronesia,Northern Europe,184.0,183.0,194.0,245.0,284.0,-0.5434782608695652,6.0109289617486334,26.288659793814436,15.918367346938775
Micronesia,Polynesia,88.0,85.0,89.0,85.0,85.0,-3.4090909090909087,4.705882352941177,-4.49438202247191,0.0
Micronesia,South America,30.0,79.0,151.0,193.0,229.0,163.33333333333334,91.13924050632912,27.81456953642384,18.65284974093264
Micronesia,South Eastern Asia,2242.0,1813.0,1026.0,1042.0,1074.0,-19.13470115967886,-43.40871483728627,1.5594541910331383,3.071017274472169
Micronesia,Southern Africa,22.0,26.0,39.0,67.0,73.0,18.181818181818183,50.0,71.7948717948718,8.955223880597014
Micronesia,Southern Asia,0.0,0.0,0.0,0.0,0.0,0.0,0.0,0.0,0.0
Micronesia,Southern Europe,320.0,259.0,324.0,321.0,317.0,-19.0625,25.096525096525095,-0.9259259259259258,-1.2461059190031152
Micronesia,Western Africa,0.0,0.0,0.0,39.0,34.0,0.0,0.0,0.0,-12.82051282051282
Micronesia,Western Asia,0.0,0.0,0.0,0.0,0.0,0.0,0.0,0.0,0.0
Micronesia,Western Europe,6.0,18.0,15.0,16.0,16.0,200.0,-16.666666666666664,6.666666666666667,0.0
Middle Africa,Australia New Zealand,1000.0,1730.0,4410.0,7040.0,8588.0,73.0,154.91329479768785,59.63718820861678,21.988636363636363
Middle Africa,Caribbean,127.0,160.0,194.0,193.0,194.0,25.984251968503933,21.25,-0.5154639175257731,0.5181347150259068
Middle Africa,Central America,121.0,168.0,241.0,253.0,259.0,38.84297520661157,43.452380952380956,4.979253112033195,2.371541501976284
Middle Africa,Central Asia,0.0,0.0,0.0,0.0,0.0,0.0,0.0,0.0,0.0
Middle Africa,Eastern Africa,756743.0,772921.0,794895.0,1022771.0,1134523.0,2.137846005843463,2.8429813654953096,28.66743406361846,10.926395058131293
Middle Africa,Eastern Asia,0.0,0.0,0.0,0.0,0.0,0.0,0.0,0.0,0.0
Middle Africa,Eastern Europe,2150.0,2565.0,2940.0,3168.0,3408.0,19.302325581395348,14.619883040935672,7.755102040816326,7.575757575757576
Middle Africa,Melanesia,0.0,0.0,0.0,0.0,0.0,0.0,0.0,0.0,0.0
Middle Africa,Micronesia,0.0,0.0,0.0,0.0,0.0,0.0,0.0,0.0,0.0
Middle Africa,Middle Africa,865771.0,893422.0,1048873.0,1431916.0,1536816.0,3.193800670154117,17.39950437755059,36.51948329302022,7.325848722969782
Middle Africa,Northern Africa,106674.0,118642.0,125009.0,100240.0,122952.0,11.219228678028385,5.366564960132162,-19.8137734083146,22.657621707901036
Middle Africa,Northern America,37821.0,64916.0,93079.0,142131.0,153041.0,71.64009412760107,43.38375747119354,52.69931993253043,7.67601719540424
Middle Africa,Northern Europe,26709.0,45701.0,53184.0,67935.0,79409.0,71.10711745104646,16.373821141769326,27.735785198555956,16.88967395304335
Middle Africa,Polynesia,0.0,0.0,0.0,0.0,0.0,0.0,0.0,0.0,0.0
Middle Africa,South America,6854.0,7200.0,7535.0,9112.0,10274.0,5.048147067405894,4.652777777777778,20.92899800928998,12.75241439859526
Middle Africa,South Eastern Asia,3082.0,2500.0,642.0,653.0,672.0,-18.883841661258923,-74.32,1.7133956386292832,2.909647779479326
Middle Africa,Southern Africa,91744.0,99854.0,125463.0,189598.0,209843.0,8.839815137774677,25.646443807959624,51.118656496337564,10.677855251637675
Middle Africa,Southern Asia,0.0,0.0,0.0,0.0,0.0,0.0,0.0,0.0,0.0
Middle Africa,Southern Europe,222195.0,236451.0,219313.0,236063.0,245685.0,6.415985958279889,-7.248013330457473,7.637486149931832,4.076030551166426
Middle Africa,Western Africa,43665.0,94118.0,83200.0,112946.0,119295.0,115.54563151265316,-11.60033149875688,35.75240384615385,5.621270341579162
Middle Africa,Western Asia,9704.0,6369.0,7615.0,8043.0,8537.0,-34.36727122835944,19.5635107552206,5.6204858831254105,6.141986820837995
Middle Africa,Western Europe,265175.0,363603.0,437121.0,484514.0,518996.0,37.11812953709814,20.219305121244872,10.842078051615,7.116822217727455
Northern Africa,Australia New Zealand,47286.0,63612.0,74703.0,72954.0,78326.0,34.526075371145794,17.43538954914167,-2.3412714348821333,7.363544151108918
Northern Africa,Caribbean,386.0,383.0,374.0,382.0,381.0,-0.7772020725388601,-2.3498694516971277,2.13903743315508,-0.2617801047120419
Northern Africa,Central America,752.0,769.0,864.0,934.0,962.0,2.2606382978723407,12.35370611183355,8.101851851851851,2.9978586723768736
Northern Africa,Central Asia,138.0,133.0,132.0,129.0,128.0,-3.6231884057971016,-0.7518796992481203,-2.272727272727273,-0.7751937984496124
Northern Africa,Eastern Africa,416596.0,430191.0,215299.0,684699.0,702058.0,3.2633534647476212,-49.9526954306343,218.02237818104126,2.5352746243239728
Northern Africa,Eastern Asia,1103.0,1503.0,1593.0,1747.0,1977.0,36.26473254759746,5.9880239520958085,9.667294413057125,13.16542644533486
Northern Africa,Eastern Europe,11203.0,12407.0,13551.0,16814.0,20424.0,10.747121306792822,9.220601273474651,24.07940373404177,21.470203401926966
Northern Africa,Melanesia,2027.0,2158.0,2291.0,1759.0,1852.0,6.46275283670449,6.163113994439295,-23.221300742034046,5.287094940306993
Northern Africa,Micronesia,0.0,0.0,0.0,0.0,0.0,0.0,0.0,0.0,0.0
Northern Africa,Middle Africa,76729.0,288315.0,317924.0,350934.0,384488.0,275.75753626399404,10.269670325858868,10.382984612674727,9.561342018727167
Northern Africa,Northern Africa,276079.0,261132.0,294308.0,316931.0,351474.0,-5.414030042125623,12.70468575279935,7.686845073868192,10.899217810816864
Northern Africa,Northern America,293321.0,368068.0,456587.0,689458.0,742616.0,25.483003262637176,24.04963213319278,51.00254715968698,7.71011432168457
Northern Africa,Northern Europe,99296.0,124884.0,140304.0,181711.0,215160.0,25.769416693522395,12.34745844143365,29.512344623104113,18.40780139892467
Northern Africa,Polynesia,710.0,743.0,717.0,681.0,706.0,4.647887323943662,-3.4993270524899054,-5.02092050209205,3.671071953010279
Northern Africa,South America,7077.0,6737.0,7098.0,8252.0,9105.0,-4.804295605482549,5.358468160902479,16.25810087348549,10.336888027144935
Northern Africa,South Eastern Asia,5667.0,4117.0,3326.0,3565.0,3703.0,-27.351332274572083,-19.213019188729657,7.185808779314491,3.870967741935484
Northern Africa,Southern Africa,5084.0,6157.0,9079.0,15538.0,17351.0,21.105428796223446,47.45817768393698,71.14219627712302,11.668168361436479
Northern Africa,Southern Asia,73.0,109.0,200.0,207.0,210.0,49.31506849315068,83.4862385321101,3.5000000000000004,1.4492753623188406
Northern Africa,Southern Europe,758803.0,1183899.0,1577438.0,1504300.0,1567424.0,56.021918732530054,33.240926802032945,-4.636505523513444,4.196237452635778
Northern Africa,Western Africa,16353.0,18877.0,20747.0,58286.0,60096.0,15.434476854399804,9.90623510091646,180.93700294018413,3.105376934426792
Northern Africa,Western Asia,1883459.0,2064160.0,2866741.0,3476220.0,3878463.0,9.594103189928743,38.88172428493915,21.260344063171384,11.571275696014636
Northern Africa,Western Europe,2540323.0,3168193.0,3252256.0,3598357.0,3840948.0,24.716148300826312,2.6533421417192704,10.641874440388456,6.741715733041496
Northern America,Australia New Zealand,110887.0,132803.0,159524.0,190070.0,206109.0,19.764264521539946,20.120780404057136,19.148215942428727,8.438470037354659
Northern America,Caribbean,301434.0,300426.0,273716.0,245048.0,242204.0,-0.33440156054061587,-8.890708527224675,-10.47362960148475,-1.1605889458391825
Northern America,Central America,403790.0,568703.0,805955.0,809963.0,835517.0,40.84127888258748,41.71808483514242,0.49729823625388514,3.1549589302227385
Northern America,Central Asia,345.0,331.0,329.0,323.0,320.0,-4.057971014492753,-0.6042296072507553,-1.82370820668693,-0.9287925696594427
Northern America,Eastern Africa,3144.0,3475.0,3835.0,3780.0,3906.0,10.527989821882953,10.359712230215827,-1.4341590612777053,3.3333333333333335
Northern America,Eastern Asia,140004.0,155517.0,188308.0,211356.0,228143.0,11.080397702922774,21.08515467762367,12.239522484440386,7.942523514828062
Northern America,Eastern Europe,29251.0,36805.0,44849.0,49528.0,57416.0,25.82475812792725,21.855726124167912,10.432785569354946,15.926344693910515
Northern America,Melanesia,1253.0,1202.0,984.0,995.0,1002.0,-4.07023144453312,-18.136439267886857,1.1178861788617886,0.7035175879396985
Northern America,Micronesia,22653.0,22324.0,21661.0,21723.0,22662.0,-1.452346267602525,-2.9698978677656336,0.2862287059692535,4.322607374672007
Northern America,Middle Africa,1629.0,2379.0,2313.0,2687.0,2831.0,46.04051565377532,-2.7742749054224465,16.169476869865974,5.359136583550428
Northern America,Northern Africa,16833.0,18496.0,20370.0,20842.0,23764.0,9.879403552545595,10.131920415224913,2.3171330387825235,14.019767776604933
Northern America,Northern America,1114800.0,1132961.0,1149563.0,1100100.0,1113506.0,1.62908144958737,1.4653637680379112,-4.302765485667162,1.2186164894100535
Northern America,Northern Europe,310927.0,339498.0,382450.0,416558.0,469547.0,9.188973617601558,12.651620922656392,8.91828997254543,12.720677552705745
Northern America,Polynesia,4673.0,4161.0,3565.0,3460.0,3463.0,-10.956558955702974,-14.323479932708484,-2.9453015427769986,0.08670520231213873
Northern America,South America,94185.0,102314.0,120493.0,146343.0,164799.0,8.63088602219037,17.767851906874917,21.453528420738134,12.611467579590412
Northern America,South Eastern Asia,54181.0,57602.0,80260.0,87084.0,86110.0,6.314021520459201,39.335439741675636,8.502367306254673,-1.1184603371457444
Northern America,Southern Africa,11536.0,14797.0,22146.0,27440.0,30584.0,28.268030513176146,49.665472730958975,23.90499412986544,11.457725947521865
Northern America,Southern Asia,37370.0,43151.0,49108.0,51538.0,52093.0,15.46962804388547,13.805010312623114,4.948277266433167,1.076875315301331
Northern America,Southern Europe,121511.0,154072.0,185965.0,188022.0,200014.0,26.796750911440114,20.700062308531074,1.106122119753717,6.377977045239387
Northern America,Western Africa,7025.0,5935.0,5073.0,5379.0,5602.0,-15.516014234875444,-14.524010109519796,6.0319337670017745,4.1457519985127345
Northern America,Western Asia,106461.0,118515.0,140330.0,141149.0,147615.0,11.322456110688421,18.40695270640847,0.5836243141167249,4.5809747146632285
Northern America,Western Europe,274254.0,295837.0,313099.0,338927.0,370700.0,7.869712018785506,5.834969932767031,8.249148033050249,9.374585087644242
Northern Europe,Australia New Zealand,1447427.0,1460320.0,1564893.0,1622399.0,1690726.0,0.8907530397042476,7.160964720061356,3.6747560376332435,4.211479420290569
Northern Europe,Caribbean,21556.0,20847.0,19969.0,20722.0,21554.0,-3.289107441083689,-4.211637166019091,3.770844809454655,4.0150564617314926
Northern Europe,Central America,7705.0,7627.0,8914.0,9971.0,10353.0,-1.0123296560674888,16.8742624885276,11.857751851020867,3.831110219636947
Northern Europe,Central Asia,12942.0,12251.0,11484.0,11296.0,11502.0,-5.339205686910833,-6.260713411150111,-1.637060257749913,1.8236543909348442
Northern Europe,Eastern Africa,29243.0,25018.0,17985.0,18004.0,18579.0,-14.44790206203194,-28.111759533136144,0.105643591882124,3.1937347256165296
Northern Europe,Eastern Asia,43664.0,45355.0,50277.0,53135.0,60989.0,3.8727555881275197,10.852166244074525,5.684507826640412,14.781217653147644
Northern Europe,Eastern Europe,465396.0,451418.0,437916.0,457034.0,489026.0,-3.003463716920644,-2.9910194099482075,4.365677435855278,6.999916855201145
Northern Europe,Melanesia,2434.0,2397.0,2116.0,2146.0,2167.0,-1.5201314708299096,-11.722987067167292,1.4177693761814745,0.97856477166822
Northern Europe,Micronesia,13.0,11.0,9.0,8.0,8.0,-15.384615384615385,-18.181818181818183,-11.11111111111111,0.0
Northern Europe,Middle Africa,37.0,284.0,232.0,284.0,284.0,667.5675675675675,-18.30985915492958,22.413793103448278,0.0
Northern Europe,Northern Africa,12036.0,13228.0,14443.0,14865.0,16844.0,9.903622465935527,9.185061989718777,2.921830644602922,13.31315169862092
Northern Europe,Northern America,1779724.0,1703726.0,1687828.0,1599828.0,1693088.0,-4.2702126846634645,-0.9331312664125571,-5.213801406304434,5.829376657990734
Northern Europe,Northern Europe,1426435.0,1593484.0,1742296.0,1881618.0,2050704.0,11.710943716327767,9.338782190470692,7.996459843792329,8.986202300360647
Northern Europe,Polynesia,177.0,195.0,204.0,186.0,187.0,10.16949152542373,4.615384615384616,-8.823529411764707,0.5376344086021506
Northern Europe,South America,23972.0,26644.0,30998.0,39490.0,45626.0,11.146337393625897,16.341390181654404,27.395315826827538,15.538110914155482
Northern Europe,South Eastern Asia,56436.0,61600.0,50453.0,56054.0,58524.0,9.150187823375152,-18.09577922077922,11.101421124611024,4.406465194276947
Northern Europe,Southern Africa,137616.0,179748.0,149841.0,149660.0,167459.0,30.615626089989533,-16.638293611055477,-0.12079470905826843,11.892957370038754
Northern Europe,Southern Asia,39372.0,45465.0,51867.0,54370.0,54939.0,15.475464797317892,14.081161332893435,4.825804461410916,1.0465330145300717
Northern Europe,Southern Europe,252073.0,419058.0,578444.0,570677.0,582720.0,66.24469895625474,38.03435323988565,-1.3427401788245708,2.1103005728284123
Northern Europe,Western Africa,3944.0,2977.0,2027.0,2485.0,2580.0,-24.518255578093306,-31.911320120927105,22.59496793290577,3.8229376257545273
Northern Europe,Western Asia,120847.0,124927.0,155108.0,160580.0,179540.0,3.3761698676839305,24.1589088027408,3.5278644557340693,11.807198903973097
Northern Europe,Western Europe,548446.0,596687.0,645267.0,676354.0,741588.0,8.79594344748617,8.141621989418239,4.817695620572569,9.644949242556413
Polynesia,Australia New Zealand,113111.0,121893.0,132990.0,146779.0,155612.0,7.764054778049881,9.103886195269622,10.36844875554553,6.017890842695481
Polynesia,Caribbean,26.0,23.0,19.0,19.0,19.0,-11.538461538461538,-17.391304347826086,0.0,0.0
Polynesia,Central America,0.0,0.0,0.0,0.0,0.0,0.0,0.0,0.0,0.0
Polynesia,Central Asia,0.0,0.0,0.0,0.0,0.0,0.0,0.0,0.0,0.0
Polynesia,Eastern Africa,0.0,0.0,0.0,0.0,0.0,0.0,0.0,0.0,0.0
Polynesia,Eastern Asia,0.0,0.0,0.0,0.0,0.0,0.0,0.0,0.0,0.0
Polynesia,Eastern Europe,1080.0,869.0,642.0,640.0,639.0,-19.537037037037035,-26.121979286536252,-0.3115264797507788,-0.15625
Polynesia,Melanesia,12840.0,11280.0,9835.0,13837.0,14499.0,-12.149532710280374,-12.810283687943263,40.691408235892226,4.78427404784274
Polynesia,Micronesia,610.0,597.0,367.0,387.0,400.0,-2.1311475409836063,-38.52596314907873,5.449591280653951,3.359173126614987
Polynesia,Middle Africa,0.0,0.0,0.0,0.0,0.0,0.0,0.0,0.0,0.0
Polynesia,Northern Africa,0.0,0.0,0.0,0.0,0.0,0.0,0.0,0.0,0.0
Polynesia,Northern America,34874.0,33282.0,32670.0,38836.0,41930.0,-4.565005448184895,-1.8388318009734992,18.873584328129784,7.966834895457822
Polynesia,Northern Europe,575.0,600.0,634.0,790.0,894.0,4.3478260869565215,5.666666666666666,24.605678233438486,13.164556962025317
Polynesia,Polynesia,21853.0,20955.0,19887.0,19492.0,19416.0,-4.1092756143321285,-5.0966356478167505,-1.9862221551767485,-0.3899035501744305
Polynesia,South America,374.0,473.0,573.0,865.0,1153.0,26.47058823529412,21.141649048625794,50.959860383944154,33.29479768786127
Polynesia,South Eastern Asia,0.0,0.0,0.0,0.0,0.0,0.0,0.0,0.0,0.0
Polynesia,Southern Africa,9.0,11.0,17.0,29.0,32.0,22.22222222222222,54.54545454545454,70.58823529411765,10.344827586206897
Polynesia,Southern Asia,0.0,0.0,0.0,0.0,0.0,0.0,0.0,0.0,0.0
Polynesia,Southern Europe,462.0,518.0,652.0,578.0,573.0,12.121212121212121,25.868725868725868,-11.349693251533742,-0.8650519031141869
Polynesia,Western Africa,0.0,0.0,604.0,1748.0,1784.0,0.0,0.0,189.40397350993376,2.059496567505721
Polynesia,Western Asia,0.0,0.0,0.0,0.0,0.0,0.0,0.0,0.0,0.0
Polynesia,Western Europe,241.0,115.0,152.0,171.0,185.0,-52.282157676348554,32.17391304347826,12.5,8.187134502923977
South America,Australia New Zealand,69585.0,80213.0,105442.0,134428.0,167953.0,15.273406624991019,31.452507698253402,27.48999449934561,24.939000803404053
South America,Caribbean,96094.0,92600.0,92840.0,93557.0,103440.0,-3.636023060753012,0.2591792656587473,0.7722964239551917,10.563613625917888
South America,Central America,88535.0,115192.0,169176.0,198981.0,196279.0,30.10899644208505,46.86436558094312,17.617747198184137,-1.357918595242762
South America,Central Asia,0.0,0.0,0.0,0.0,0.0,0.0,0.0,0.0,0.0
South America,Eastern Africa,0.0,0.0,0.0,0.0,0.0,0.0,0.0,0.0,0.0
South America,Eastern Asia,369009.0,344295.0,367637.0,315157.0,338951.0,-6.697397624448184,6.77965117123397,-14.274950562647392,7.549887833682894
South America,Eastern Europe,7272.0,7089.0,6835.0,8908.0,9412.0,-2.5165016501650164,-3.583015940189025,30.329188002926116,5.657835653345308
South America,Melanesia,0.0,0.0,0.0,0.0,0.0,0.0,0.0,0.0,0.0
South America,Micronesia,0.0,0.0,0.0,0.0,0.0,0.0,0.0,0.0,0.0
South America,Middle Africa,0.0,0.0,0.0,0.0,0.0,0.0,0.0,0.0,0.0
South America,Northern Africa,564.0,655.0,710.0,610.0,774.0,16.134751773049647,8.396946564885496,-14.084507042253522,26.885245901639344
South America,Northern America,2172962.0,2577362.0,3069079.0,3368297.0,3747431.0,18.61054173980033,19.078305647402267,9.749439489827404,11.255955160723653
South America,Northern Europe,149566.0,196449.0,219536.0,262500.0,294082.0,31.346027840551997,11.752159593584086,19.570366591356315,12.031238095238095
South America,Polynesia,0.0,0.0,0.0,0.0,0.0,0.0,0.0,0.0,0.0
South America,South America,2449915.0,2895686.0,3632721.0,4191981.0,6160034.0,18.19536596167622,25.452863328413372,15.395071628126686,46.94804198778573
South America,South Eastern Asia,6803.0,5548.0,1437.0,1324.0,1358.0,-18.44774364251066,-74.098774333093,-7.8636047320807245,2.56797583081571
South America,Southern Africa,3975.0,4797.0,7117.0,12315.0,13754.0,20.67924528301887,48.36356055868251,73.0363917380919,11.68493706861551
South America,Southern Asia,10221.0,12165.0,14083.0,14919.0,15115.0,19.019665394775462,15.766543362104398,5.936235177163956,1.313760975936725
South America,Southern Europe,556548.0,1929196.0,2751715.0,2460932.0,2593480.0,246.63604936142076,42.635325804117365,-10.567337097046751,5.386089497800021
South America,Western Africa,1080.0,1132.0,2887.0,6009.0,6155.0,4.814814814814815,155.03533568904592,108.1399376515414,2.4296888001331336
South America,Western Asia,52220.0,57359.0,63266.0,64970.0,63460.0,9.841057066258138,10.298296692759637,2.6933898144342936,-2.324149607511159
South America,Western Europe,442480.0,578272.0,653057.0,718339.0,767077.0,30.68884469354547,12.93249543467434,9.99637091402435,6.784818866858126
South Eastern Asia,Australia New Zealand,568763.0,664642.0,846207.0,1003393.0,1146711.0,16.857460840455516,27.317713897105513,18.57536040236018,14.283336638784604
South Eastern Asia,Caribbean,2309.0,3510.0,4854.0,5186.0,5518.0,52.01385881333911,38.2905982905983,6.839719818706222,6.4018511376783644
South Eastern Asia,Central America,1667.0,2204.0,3052.0,3438.0,3595.0,32.21355728854229,38.475499092558984,12.647444298820446,4.566608493310064
South Eastern Asia,Central Asia,205.0,175.0,146.0,130.0,126.0,-14.634146341463413,-16.57142857142857,-10.95890410958904,-3.076923076923077
South Eastern Asia,Eastern Africa,1142.0,1080.0,1023.0,1146.0,1156.0,-5.42907180385289,-5.277777777777778,12.023460410557185,0.8726003490401396
South Eastern Asia,Eastern Asia,663072.0,837391.0,990154.0,1220543.0,1430434.0,26.289603542300082,18.242732486974425,23.267996695463534,17.196526464041003
South Eastern Asia,Eastern Europe,54288.0,75640.0,94163.0,88542.0,92092.0,39.330975537872085,24.488365943945002,-5.969435978038083,4.009396670506652
South Eastern Asia,Melanesia,11738.0,15234.0,18566.0,18075.0,18339.0,29.783608791957743,21.87212813443613,-2.6446191963804804,1.4605809128630707
South Eastern Asia,Micronesia,50164.0,50200.0,45629.0,44330.0,45973.0,0.07176461207240252,-9.105577689243027,-2.8468736987442194,3.7062937062937062
South Eastern Asia,Middle Africa,0.0,0.0,0.0,0.0,0.0,0.0,0.0,0.0,0.0
South Eastern Asia,Northern Africa,29521.0,32326.0,35271.0,36774.0,41019.0,9.50171064665831,9.110313679391203,4.261291145700434,11.543481807798988
South Eastern Asia,Northern America,3597674.0,4066210.0,4650955.0,5161519.0,5437431.0,13.023303389912483,14.380590279400227,10.977616425013787,5.345558158363846
South Eastern Asia,Northern Europe,276163.0,378652.0,478969.0,587607.0,670724.0,37.11177818896811,26.493191637704278,22.681634928356534,14.144998272655023
South Eastern Asia,Polynesia,882.0,1115.0,1347.0,1343.0,1344.0,26.417233560090704,20.807174887892376,-0.2969561989606533,0.07446016381236038
South Eastern Asia,South America,3261.0,3684.0,5394.0,6420.0,7323.0,12.97148114075437,46.416938110749186,19.021134593993324,14.065420560747663
South Eastern Asia,South Eastern Asia,3454008.0,4596472.0,5943876.0,6813281.0,6855917.0,33.07647231853545,29.31387377101394,14.626903387621141,0.6257778007394675
South Eastern Asia,Southern Africa,3000.0,3655.0,5459.0,9497.0,10610.0,21.833333333333332,49.35704514363885,73.96959150027477,11.71949036537854
South Eastern Asia,Southern Asia,715035.0,785181.0,834388.0,849714.0,1554981.0,9.810149153537939,6.266962649376386,1.8367953518027584,83.00051546755732
South Eastern Asia,Southern Europe,125564.0,169552.0,218106.0,229398.0,247444.0,35.03233410850244,28.636642445975273,5.177299111441226,7.866677128832858
South Eastern Asia,Western Africa,40.0,45.0,1068.0,1389.0,1528.0,12.5,2273.3333333333335,30.0561797752809,10.007199424046076
South Eastern Asia,Western Asia,1613525.0,1956546.0,2900361.0,3602016.0,4186333.0,21.25910661440015,48.238835171777204,24.191988514533193,16.2219434894237
South Eastern Asia,Western Europe,697431.0,735553.0,776399.0,823924.0,880342.0,5.466060441821485,5.553100864247716,6.121208296249738,6.84747622353518
Southern Africa,Australia New Zealand,107439.0,156075.0,207124.0,237076.0,257822.0,45.26847792700974,32.70799295210636,14.460902647689307,8.750780340481533
Southern Africa,Caribbean,469.0,342.0,214.0,228.0,237.0,-27.078891257995735,-37.42690058479532,6.5420560747663545,3.9473684210526314
Southern Africa,Central America,179.0,203.0,290.0,308.0,316.0,13.40782122905028,42.857142857142854,6.206896551724138,2.5974025974025974
Southern Africa,Central Asia,0.0,0.0,0.0,0.0,0.0,0.0,0.0,0.0,0.0
Southern Africa,Eastern Africa,50491.0,59136.0,63968.0,64921.0,67715.0,17.12186330237072,8.170995670995671,1.489807403701851,4.303692179726128
Southern Africa,Eastern Asia,442.0,830.0,1549.0,1924.0,1958.0,87.78280542986425,86.62650602409639,24.20916720464816,1.7671517671517671
Southern Africa,Eastern Europe,1254.0,1521.0,1760.0,1971.0,2173.0,21.291866028708135,15.71334648257725,11.988636363636363,10.248604769152713
Southern Africa,Melanesia,0.0,0.0,0.0,0.0,0.0,0.0,0.0,0.0,0.0
Southern Africa,Micronesia,0.0,0.0,0.0,0.0,0.0,0.0,0.0,0.0,0.0
Southern Africa,Middle Africa,3770.0,4831.0,5911.0,6987.0,7400.0,28.143236074270554,22.355619954460774,18.203349687024193,5.910977529698011
Southern Africa,Northern Africa,836.0,952.0,1035.0,988.0,1171.0,13.875598086124402,8.718487394957982,-4.541062801932367,18.522267206477732
Southern Africa,Northern America,102958.0,113047.0,125624.0,148058.0,159479.0,9.799141397463043,11.12546109140446,17.858052601413743,7.71386888921909
Southern Africa,Northern Europe,150075.0,178011.0,242841.0,230309.0,261919.0,18.614692653673163,36.41909769620978,-5.160578320794264,13.72503896938461
Southern Africa,Polynesia,0.0,0.0,0.0,0.0,0.0,0.0,0.0,0.0,0.0
Southern Africa,South America,784.0,879.0,2612.0,3271.0,3809.0,12.11734693877551,197.15585893060296,25.229709035222054,16.447569550596146
Southern Africa,South Eastern Asia,852.0,689.0,800.0,813.0,838.0,-19.131455399061036,16.110304789550074,1.625,3.075030750307503
Southern Africa,Southern Africa,250697.0,310352.0,458228.0,640123.0,714816.0,23.795657706314792,47.647832138990566,39.69530452089353,11.668538702718072
Southern Africa,Southern Asia,64.0,127.0,257.0,261.0,263.0,98.4375,102.36220472440945,1.556420233463035,0.7662835249042145
Southern Africa,Southern Europe,19932.0,23942.0,26628.0,28003.0,28498.0,20.118402568733696,11.218778715228469,5.163737419257924,1.7676677498839408
Southern Africa,Western Africa,247.0,141.0,594.0,2053.0,2057.0,-42.91497975708502,321.27659574468083,245.62289562289564,0.1948368241597662
Southern Africa,Western Asia,12789.0,14444.0,17287.0,17358.0,17163.0,12.940808507310969,19.68291332040986,0.4107132527332678,-1.123401313515382
Southern Africa,Western Europe,29362.0,39497.0,46993.0,50374.0,56551.0,34.517403446631704,18.9786566068309,7.1946885706381805,12.262278159367927
Southern Asia,Australia New Zealand,236252.0,359251.0,657680.0,933403.0,1152208.0,52.062628041244096,83.06977572783374,41.923579856465146,23.44164310592531
Southern Asia,Caribbean,4170.0,4841.0,6274.0,6523.0,6816.0,16.09112709832134,29.60132204090064,3.968759961746892,4.491798252337881
Southern Asia,Central America,3689.0,4638.0,6162.0,8119.0,8549.0,25.725128761181892,32.85899094437257,31.759169100941254,5.296218746151004
Southern Asia,Central Asia,22734.0,17174.0,16622.0,16447.0,16363.0,-24.456760798803554,-3.2141609409572607,-1.0528215617855854,-0.5107314403842645
Southern Asia,Eastern Africa,27246.0,37051.0,48752.0,52471.0,53438.0,35.986933861851284,31.580794040646676,7.628404988513291,1.842922757332622
Southern Asia,Eastern Asia,102787.0,132211.0,158560.0,183838.0,210013.0,28.626188136632063,19.929506621990605,15.942230070635722,14.238079178407077
Southern Asia,Eastern Europe,39234.0,37432.0,34798.0,40685.0,45995.0,-4.592955089972983,-7.036759991451165,16.917638944766942,13.051493179304414
Southern Asia,Melanesia,4306.0,4329.0,4584.0,4717.0,4810.0,0.5341384115188109,5.8905058905058905,2.9013961605584644,1.9715921136315457
Southern Asia,Micronesia,1022.0,919.0,800.0,906.0,968.0,-10.078277886497064,-12.948857453754082,13.25,6.843267108167771
Southern Asia,Middle Africa,0.0,0.0,0.0,0.0,0.0,0.0,0.0,0.0,0.0
Southern Asia,Northern Africa,11451.0,12596.0,12522.0,12825.0,14513.0,9.99912671382412,-0.5874880914576056,2.419741255390513,13.16179337231969
Southern Asia,Northern America,2362856.0,3022168.0,3750020.0,4894838.0,5333610.0,27.903181573485647,24.083770326467622,30.528317182308363,8.96397388432467
Southern Asia,Northern Europe,1207861.0,1531317.0,1872259.0,2212647.0,2550790.0,26.779240326494524,22.264625809025826,18.180604286052304,15.282284069713786
Southern Asia,Polynesia,218.0,248.0,261.0,226.0,217.0,13.761467889908257,5.241935483870968,-13.409961685823754,-3.982300884955752
Southern Asia,South America,3644.0,4409.0,5544.0,8077.0,9542.0,20.993413830954992,25.74279882059424,45.68903318903319,18.137922495976227
Southern Asia,South Eastern Asia,432764.0,771336.0,1211091.0,1664181.0,1666384.0,78.23478847593609,57.012119232085624,37.411722157955104,0.13237742769566532
Southern Asia,Southern Africa,28528.0,37042.0,54912.0,68406.0,76243.0,29.844363432417275,48.242535500242965,24.573863636363637,11.456597374499312
Southern Asia,Southern Asia,13186095.0,11812560.0,12269854.0,11790702.0,11176671.0,-10.416541060867528,3.871252294168241,-3.9051157413935,-5.207756077627948
Southern Asia,Southern Europe,195490.0,397573.0,588806.0,625967.0,693595.0,103.3725510256279,48.10009734061418,6.311246828327157,10.803764415696035
Southern Asia,Western Africa,1702.0,1818.0,2526.0,3306.0,3465.0,6.815511163337249,38.943894389438945,30.878859857482183,4.809437386569873
Southern Asia,Western Asia,5843682.0,7628868.0,12526232.0,15830566.0,18402429.0,30.548992912345334,64.19515975371445,26.37931342801251,16.24618475422799
Southern Asia,Western Europe,578548.0,653994.0,723148.0,823266.0,1103989.0,13.040577445605205,10.574103126328376,13.84474547395554,34.09869956976239
Southern Europe,Australia New Zealand,657698.0,650950.0,621958.0,596652.0,612152.0,-1.0260028158820613,-4.453798294799908,-4.068763485637294,2.597829220383071
Southern Europe,Caribbean,32853.0,26709.0,20158.0,20348.0,21804.0,-18.701488448543515,-24.527312890785876,0.9425538247842048,7.155494397483782
Southern Europe,Central America,37638.0,35172.0,39264.0,43957.0,45401.0,-6.551889048302248,11.63425452064142,11.952424612876936,3.2850285506290238
Southern Europe,Central Asia,0.0,0.0,0.0,0.0,0.0,0.0,0.0,0.0,0.0
Southern Europe,Eastern Africa,3769.0,4807.0,5462.0,5734.0,5851.0,27.540461660918012,13.625962138547951,4.979860856829001,2.0404604115800486
Southern Europe,Eastern Asia,5851.0,7718.0,8042.0,9634.0,11013.0,31.909075371731326,4.197978750971754,19.796070629196716,14.313888312227526
Southern Europe,Eastern Europe,79377.0,103617.0,131586.0,212907.0,267628.0,30.537813220454286,26.992674947161184,61.80064748529479,25.7018322553979
Southern Europe,Melanesia,428.0,456.0,484.0,370.0,388.0,6.5420560747663545,6.140350877192982,-23.553719008264462,4.864864864864865
Southern Europe,Micronesia,0.0,0.0,0.0,0.0,0.0,0.0,0.0,0.0,0.0
Southern Europe,Middle Africa,8649.0,8899.0,9255.0,9673.0,9538.0,2.8905075731298417,4.000449488706597,4.516477579686655,-1.395637341052414
Southern Europe,Northern Africa,18803.0,20355.0,22305.0,23911.0,26888.0,8.254002020954102,9.579955784819456,7.200179331988343,12.450336665133202
Southern Europe,Northern America,1831339.0,1761304.0,1761573.0,1741957.0,1821179.0,-3.8242509988593048,0.015272775171123212,-1.11355021903719,4.547873454970473
Southern Europe,Northern Europe,446082.0,523594.0,629495.0,768270.0,894023.0,17.37617747409669,20.22578562779558,22.04544912985806,16.368334049227485
Southern Europe,Polynesia,240.0,250.0,241.0,228.0,236.0,4.166666666666666,-3.5999999999999996,-5.394190871369295,3.508771929824561
Southern Europe,South America,935298.0,809787.0,697986.0,797180.0,844423.0,-13.419359391338375,-13.80622311793101,14.211459828707165,5.92626508442259
Southern Europe,South Eastern Asia,3151.0,2874.0,4721.0,4799.0,4946.0,-8.790860044430339,64.26583159359778,1.6521923321330227,3.0631381537820377
Southern Europe,Southern Africa,38058.0,49178.0,75977.0,106766.0,119513.0,29.21856114351779,54.493879376957175,40.524105979441146,11.939194125470655
Southern Europe,Southern Asia,1878.0,3119.0,5777.0,5621.0,5670.0,66.08093716719915,85.21962167361333,-2.7003635104725636,0.8717310087173101
Southern Europe,Southern Europe,2816043.0,2868972.0,3175060.0,3108037.0,3127177.0,1.8795522653595842,10.668908584677718,-2.110920738505729,0.6158227846064895
Southern Europe,Western Africa,3271.0,3549.0,6703.0,7696.0,8181.0,8.498929990828492,88.87010425471964,14.814262270625091,6.301975051975052
Southern Europe,Western Asia,225617.0,236259.0,254402.0,255440.0,330699.0,4.716843145684944,7.6792841754176555,0.4080156602542433,29.462496085186345
Southern Europe,Western Europe,5507896.0,4387702.0,4183183.0,4429490.0,5443260.0,-20.337965713223344,-4.661187108878407,5.888028326755009,22.886833472928032
Western Africa,Australia New Zealand,4881.0,9331.0,17311.0,24661.0,30740.0,91.16984224544152,85.52138034508627,42.45855236554792,24.650257491585904
Western Africa,Caribbean,750.0,805.0,1036.0,1081.0,1136.0,7.333333333333333,28.695652173913043,4.343629343629344,5.087881591119333
Western Africa,Central America,250.0,371.0,472.0,507.0,525.0,48.4,27.22371967654987,7.415254237288135,3.5502958579881656
Western Africa,Central Asia,26.0,24.0,23.0,22.0,21.0,-7.6923076923076925,-4.166666666666666,-4.3478260869565215,-4.545454545454546
Western Africa,Eastern Africa,7915.0,10597.0,16249.0,16604.0,17432.0,33.88502842703727,53.33584976880249,2.184749830758816,4.986750180679354
Western Africa,Eastern Asia,3746.0,4993.0,5806.0,6126.0,6694.0,33.288841430859584,16.282795914279994,5.511539786427833,9.271955599085864
Western Africa,Eastern Europe,4720.0,5248.0,5685.0,6776.0,7977.0,11.186440677966102,8.326981707317072,19.19085312225154,17.724321133412044
Western Africa,Melanesia,0.0,0.0,0.0,0.0,0.0,0.0,0.0,0.0,0.0
Western Africa,Micronesia,0.0,0.0,0.0,0.0,0.0,0.0,0.0,0.0,0.0
Western Africa,Middle Africa,259537.0,293395.0,310173.0,442415.0,506196.0,13.04553878637728,5.718570527786772,42.63491664329261,14.416554592407582
Western Africa,Northern Africa,39825.0,42927.0,35230.0,36606.0,42092.0,7.789077212806027,-17.930440049386167,3.9057621345444224,14.986614216248704
Western Africa,Northern America,360569.0,491420.0,636089.0,837753.0,903764.0,36.29014141537403,29.438972772780918,31.703739571034873,7.879530124034171
Western Africa,Northern Europe,196182.0,285073.0,354888.0,423857.0,482609.0,45.31047700604541,24.490218294963046,19.434018619958973,13.86127868597192
Western Africa,Polynesia,0.0,0.0,0.0,0.0,0.0,0.0,0.0,0.0,0.0
Western Africa,South America,1040.0,2658.0,5795.0,7200.0,8394.0,155.57692307692307,118.02106847253575,24.245038826574632,16.583333333333332
Western Africa,South Eastern Asia,346.0,283.0,369.0,376.0,387.0,-18.20809248554913,30.3886925795053,1.8970189701897018,2.925531914893617
Western Africa,Southern Africa,14714.0,18368.0,28029.0,48276.0,53919.0,24.83349191246432,52.59690766550522,72.23589853366157,11.68903803131991
Western Africa,Southern Asia,790.0,730.0,670.0,645.0,634.0,-7.59493670886076,-8.21917808219178,-3.731343283582089,-1.7054263565891472
Western Africa,Southern Europe,244766.0,397364.0,523650.0,524922.0,606042.0,62.34444326417885,31.7809363706828,0.24291034087653968,15.453724553362214
Western Africa,Western Africa,4833494.0,5312242.0,5657001.0,6319277.0,6625183.0,9.904801785209623,6.489896356378343,11.707192556621433,4.840838595934313
Western Africa,Western Asia,4795.0,9064.0,19646.0,26702.0,28598.0,89.03023983315954,116.74757281553399,35.9157080321694,7.100591715976331
Western Africa,Western Europe,408565.0,517827.0,596458.0,675011.0,770086.0,26.742868331844384,15.184801101526185,13.169913053391857,14.084955652574552
Western Asia,Australia New Zealand,197267.0,226469.0,266140.0,303729.0,353044.0,14.803286915703081,17.51718778287536,14.123769444653188,16.236513470890166
Western Asia,Caribbean,3889.0,3545.0,2323.0,2413.0,2465.0,-8.845461558241192,-34.471086036671366,3.8743004735256132,2.154993783671778
Western Asia,Central America,6586.0,5926.0,6004.0,6895.0,7167.0,-10.021257212268448,1.3162335470806614,14.840106595602931,3.944887599709935
Western Asia,Central Asia,146848.0,153495.0,158441.0,161964.0,166412.0,4.526449117454783,3.2222547965731785,2.2235406239546585,2.746289298856536
Western Asia,Eastern Africa,365.0,325.0,358.0,6293.0,7479.0,-10.95890410958904,10.153846153846153,1657.8212290502795,18.846337200063562
Western Asia,Eastern Asia,133.0,148.0,180.0,222.0,235.0,11.278195488721805,21.62162162162162,23.333333333333332,5.8558558558558556
Western Asia,Eastern Europe,2272936.0,2162084.0,2021546.0,2071702.0,2097067.0,-4.877040092637892,-6.500117479246875,2.481071417618001,1.2243556264366207
Western Asia,Melanesia,0.0,0.0,0.0,0.0,0.0,0.0,0.0,0.0,0.0
Western Asia,Micronesia,0.0,0.0,0.0,0.0,0.0,0.0,0.0,0.0,0.0
Western Asia,Middle Africa,1916.0,1819.0,2556.0,3506.0,3740.0,-5.062630480167014,40.51676745464541,37.16744913928012,6.674272675413577
Western Asia,Northern Africa,520708.0,603717.0,658903.0,768540.0,887923.0,15.941564178003794,9.141037936649125,16.63932323877718,15.533739297889504
Western Asia,Northern America,889028.0,1009959.0,1157149.0,1745182.0,1885370.0,13.602608691739743,14.57385893882821,50.81739689530044,8.032858464045583
Western Asia,Northern Europe,451461.0,573947.0,682123.0,896046.0,1135485.0,27.131025714292043,18.847733327293287,31.36135271791158,26.7217308039989
Western Asia,Polynesia,0.0,0.0,0.0,0.0,0.0,0.0,0.0,0.0,0.0
Western Asia,South America,58740.0,60273.0,62723.0,74071.0,82349.0,2.609805924412666,4.064838318981965,18.09224686319213,11.17576379419746
Western Asia,South Eastern Asia,16838.0,19657.0,19672.0,21891.0,22802.0,16.74189333650077,0.07630869410388157,11.279991866612445,4.161527568407108
Western Asia,Southern Africa,5882.0,7520.0,11583.0,20625.0,23082.0,27.84767086025162,54.02925531914894,78.06267806267806,11.912727272727272
Western Asia,Southern Asia,593954.0,155516.0,163343.0,163308.0,161692.0,-73.81682756577108,5.032922657475758,-0.021427303282050655,-0.989541234967056
Western Asia,Southern Europe,262119.0,283296.0,309041.0,311254.0,332769.0,8.079154887665526,9.087668022139388,0.7160862150976731,6.9123609656422085
Western Asia,Western Africa,10280.0,6838.0,10681.0,12534.0,13580.0,-33.48249027237354,56.20064346300088,17.34856286864526,8.345300781873306
Western Asia,Western Asia,5194390.0,6069110.0,7772875.0,12188602.0,13808956.0,16.839705913495138,28.07273224574938,56.80944309537976,13.294010256467475
Western Asia,Western Europe,2744315.0,2648361.0,2637944.0,2825058.0,3840848.0,-3.4964645093584372,-0.3933376152269272,7.093175594326491,35.956429921084805
Western Europe,Australia New Zealand,304372.0,313832.0,324422.0,318676.0,330596.0,3.1080388472001363,3.3744168854673835,-1.7711499220151532,3.7404762203617463
Western Europe,Caribbean,122209.0,123094.0,126933.0,134297.0,136340.0,0.7241692510371577,3.1187547727752776,5.801485823229577,1.5212551285583444
Western Europe,Central America,23475.0,23811.0,29520.0,31861.0,32853.0,1.4313099041533546,23.97631346856495,7.930216802168022,3.113524371488654
Western Europe,Central Asia,16303.0,14563.0,12366.0,11766.0,11699.0,-10.672882291602773,-15.086177298633524,-4.85201358563804,-0.5694373618901921
Western Europe,Eastern Africa,82487.0,95960.0,104394.0,108649.0,110917.0,16.33348285184332,8.789078782826177,4.075904745483458,2.087455936087769
Western Europe,Eastern Asia,20298.0,25491.0,27831.0,30674.0,35205.0,25.583801359739876,9.179710486053901,10.215227623872659,14.771467692508313
Western Europe,Eastern Europe,369761.0,363596.0,358121.0,382502.0,426441.0,-1.6672931974978433,-1.505792142927865,6.8080341560534015,11.4872601973323
Western Europe,Melanesia,25744.0,31189.0,36627.0,44441.0,46789.0,21.1505593536358,17.435634358267336,21.333988587653916,5.283409464233478
Western Europe,Micronesia,0.0,0.0,0.0,0.0,0.0,0.0,0.0,0.0,0.0
Western Europe,Middle Africa,41944.0,32753.0,38845.0,46695.0,49956.0,-21.912550066755674,18.599822916984703,20.20852104517956,6.983617089624157
Western Europe,Northern Africa,46246.0,49361.0,65999.0,75597.0,83537.0,6.735717683691562,33.70677255323029,14.542644585524023,10.503062290831647
Western Europe,Northern America,1556072.0,1492256.0,1449579.0,1379241.0,1419395.0,-4.101095579124873,-2.8598980335813695,-4.852305393497009,2.9113113661789347
Western Europe,Northern Europe,601177.0,663649.0,776996.0,854960.0,957178.0,10.391615115016045,17.07935972178064,10.034028489207152,11.955880976887807
Western Europe,Polynesia,22084.0,23641.0,23312.0,22275.0,23071.0,7.050353196884622,-1.3916500994035785,-4.448352779684283,3.57351290684624
Western Europe,South America,129453.0,133593.0,140813.0,171016.0,193511.0,3.1980718870941574,5.404474785355521,21.449013940474245,13.153740000935585
Western Europe,South Eastern Asia,11777.0,13171.0,19401.0,20586.0,21402.0,11.836630720896663,47.30088831523802,6.107932580794804,3.963858933255611
Western Europe,Southern Africa,57391.0,67974.0,98585.0,167834.0,187368.0,18.440173546374865,45.033395121664164,70.24293756656692,11.638881275546076
Western Europe,Southern Asia,4775.0,4744.0,5064.0,5037.0,5030.0,-0.6492146596858639,6.745362563237774,-0.533175355450237,-0.13897161008536826
Western Europe,Southern Europe,938381.0,1256152.0,1608700.0,1568632.0,1593817.0,33.863750438254826,28.065711792840357,-2.4907067818735626,1.6055390939366274
Western Europe,Western Africa,20055.0,26963.0,22624.0,24447.0,25645.0,34.44527549239591,-16.092422949968473,8.057814710042432,4.900396776700617
Western Europe,Western Asia,408862.0,429518.0,461274.0,473595.0,596121.0,5.0520713590404585,7.39340376887581,2.671080529143199,25.871472460646753
Western Europe,Western Europe,2041136.0,2299804.0,2548023.0,2740273.0,2974052.0,12.672746940919174,10.793050190364047,7.54506533104293,8.531230282530245
